"_id",requestId,proposalId,insurerCode
63af0c744c1cb3029992bbc9,AGV1PXC83K1,63af0c714c1cb3029992bbc4,HDFC
63af0c5f4c1cb3029992bbbe,AGV1PXC83K1,63af0c594c1cb3029992bbb9,HDFC
63aeff924c1cb3029992bb7f,AGV1PXC83K1,63aeff874c1cb3029992bb7a,HDFC
63aee0a889bf0352243f6df2,AGV1EW4V9XG,63aee09f89bf0352243f6dde,HDFC
637dc07ca4d4973a6a5172a9,AGTVKQLLLAF,637dc04ca4d4973a6a51729c,DIGIT
637dc07ca4d4973a6a5172a7,AGTVKQLLLAF,637dc04ca4d4973a6a51729c,DIGIT
637dc065a4d4973a6a5172a4,AGTVKQLLLAF,637dc04ca4d4973a6a51729c,DIGIT
637dc064a4d4973a6a5172a1,AGTVKQLLLAF,637dc04ca4d4973a6a51729c,DIGIT
6319c11bb3bff06aec15422e,AGRHXSVPON4,6319c05fb3bff06aec15421e,DIGIT
6319c10eb3bff06aec15422a,AGRHXSVPON4,6319c05fb3bff06aec15421e,DIGIT
6319c06bb3bff06aec154224,AGRHXSVPON4,6319c05fb3bff06aec15421e,DIGIT
6319bf79b3bff06aec1541e1,AGRHXIT94HS,6319bf6db3bff06aec1541d6,DIGIT
